Time (ms),Time (HH:MM:SS.mmm),Latitude (deg),lat_side,Longitude (deg),lon_side,Altitude (m),Speed (km/h),HDOP,Course (deg),Satellites,Fix
5000,12:43:11.000,13.736717,N,100.523186,E,-0.0,0.0,0.9,90.0,10,1
6000,12:43:12.000,13.736717,N,100.523186,E,-0.0,0.0,1.1,90.0,11,1
7000,12:43:13.000,13.736717,N,100.523186,E,0.0,0.0,1.0,90.0,11,1
8000,12:43:14.000,13.736717,N,100.523186,E,0.0,0.0,1.2,90.0,10,1
9000,12:43:15.000,13.736717,N,100.523186,E,-0.0,0.0,0.9,90.0,9,1
10000,12:43:16.000,13.736717,N,100.523186,E,-0.0,0.0,1.0,90.0,10,1
11000,12:43:17.000,13.736717,N,100.523186,E,-0.1,0.0,0.9,90.0,11,1
12000,12:43:18.000,13.736717,N,100.523186,E,-0.1,0.0,0.9,90.0,11,1
13000,12:43:19.000,13.736717,N,100.523190,E,-0.0,15.0,1.0,90.0,10,1
13100,12:43:19.100,13.736717,N,100.523194,E,0.0,15.3,1.1,90.0,9,1
13200,12:43:19.200,13.736717,N,100.523198,E,0.5,15.7,0.8,90.0,11,1
13300,12:43:19.300,13.736717,N,100.523202,E,0.9,16.0,1.0,90.0,10,1
13400,12:43:19.400,13.736717,N,100.523206,E,1.5,16.3,0.9,90.0,11,1
13500,12:43:19.500,13.736717,N,100.523210,E,1.8,16.7,1.0,90.0,10,1
13600,12:43:19.600,13.736717,N,100.523215,E,1.9,17.0,0.8,90.0,9,1
13700,12:43:19.700,13.736717,N,100.523219,E,2.3,17.3,0.8,90.0,9,1
13800,12:43:19.800,13.736717,N,100.523224,E,2.4,17.7,1.1,90.0,9,1
13900,12:43:19.900,13.736717,N,100.523228,E,2.8,18.0,1.0,90.0,10,1
14000,12:43:20.000,13.736717,N,100.523233,E,3.2,18.3,1.1,90.0,11,1
14100,12:43:20.100,13.736717,N,100.523238,E,3.8,18.7,1.0,90.0,9,1
14200,12:43:20.200,13.736717,N,100.523243,E,4.2,19.0,1.1,90.0,9,1
14300,12:43:20.300,13.736717,N,100.523248,E,4.6,19.3,1.0,90.0,11,1
14400,12:43:20.400,13.736717,N,100.523253,E,4.9,19.7,0.9,90.0,11,1
14500,12:43:20.500,13.736717,N,100.523258,E,5.7,20.0,0.8,90.0,11,1
14600,12:43:20.600,13.736717,N,100.523263,E,6.2,20.3,1.0,90.0,11,1
14700,12:43:20.700,13.736717,N,100.523268,E,6.5,20.7,1.0,90.0,10,1
14800,12:43:20.800,13.736717,N,100.523274,E,6.8,21.0,1.0,90.0,10,1
14900,12:43:20.900,13.736717,N,100.523279,E,7.5,21.3,0.9,90.0,10,1
15000,12:43:21.000,13.736717,N,100.523285,E,8.0,21.7,1.1,90.0,9,1
15100,12:43:21.100,13.736717,N,100.523291,E,8.4,22.0,1.0,90.0,9,1
15200,12:43:21.200,13.736717,N,100.523296,E,8.7,22.3,0.8,90.0,10,1
15300,12:43:21.300,13.736717,N,100.523302,E,9.3,22.7,1.1,90.0,10,1
15400,12:43:21.400,13.736717,N,100.523308,E,9.7,23.0,1.1,90.0,11,1
15500,12:43:21.500,13.736717,N,100.523314,E,10.3,23.3,1.0,90.0,11,1
15600,12:43:21.600,13.736717,N,100.523320,E,10.9,23.7,1.1,90.0,10,1
15700,12:43:21.700,13.736717,N,100.523326,E,11.5,24.0,1.1,90.0,9,1
15800,12:43:21.800,13.736717,N,100.523333,E,12.1,24.3,1.2,90.0,10,1
15900,12:43:21.900,13.736717,N,100.523339,E,12.7,24.7,0.8,90.0,10,1
16000,12:43:22.000,13.736717,N,100.523345,E,13.2,25.0,1.2,90.0,10,1
16100,12:43:22.100,13.736717,N,100.523352,E,13.8,25.3,1.2,90.0,11,1
16200,12:43:22.200,13.736717,N,100.523358,E,14.4,25.7,1.0,90.0,9,1
16300,12:43:22.300,13.736717,N,100.523365,E,14.9,26.0,0.9,90.0,9,1
16400,12:43:22.400,13.736717,N,100.523372,E,15.5,26.3,0.9,90.0,10,1
16500,12:43:22.500,13.736717,N,100.523379,E,16.1,26.7,0.9,90.0,11,1
16600,12:43:22.600,13.736717,N,100.523386,E,16.6,27.0,1.1,90.0,10,1
16700,12:43:22.700,13.736717,N,100.523393,E,17.1,27.3,0.9,90.0,10,1
16800,12:43:22.800,13.736717,N,100.523400,E,17.8,27.7,1.1,90.0,9,1
16900,12:43:22.900,13.736717,N,100.523407,E,18.4,28.0,1.0,90.0,9,1
17000,12:43:23.000,13.736717,N,100.523414,E,19.0,28.3,0.9,90.0,10,1
17100,12:43:23.100,13.736717,N,100.523422,E,19.4,28.7,0.9,90.0,9,1
17200,12:43:23.200,13.736717,N,100.523429,E,20.1,29.0,1.1,90.0,11,1
17300,12:43:23.300,13.736717,N,100.523437,E,20.7,29.3,1.0,90.0,11,1
17400,12:43:23.400,13.736717,N,100.523444,E,21.4,29.7,1.1,90.0,9,1
17500,12:43:23.500,13.736717,N,100.523452,E,22.0,30.0,1.1,90.0,11,1
17600,12:43:23.600,13.736717,N,100.523460,E,22.8,30.3,0.9,90.0,11,1
17700,12:43:23.700,13.736717,N,100.523468,E,23.3,30.7,0.9,90.0,10,1
17800,12:43:23.800,13.736717,N,100.523476,E,23.8,31.0,1.0,90.0,11,1
17900,12:43:23.900,13.736717,N,100.523484,E,24.1,31.3,1.2,90.0,11,1
18000,12:43:24.000,13.736717,N,100.523492,E,24.7,31.7,1.0,90.0,10,1
18100,12:43:24.100,13.736717,N,100.523500,E,25.3,32.0,1.2,90.0,10,1
18200,12:43:24.200,13.736717,N,100.523508,E,25.9,32.3,0.9,90.0,11,1
18300,12:43:24.300,13.736717,N,100.523517,E,26.5,32.7,1.2,90.0,10,1
18400,12:43:24.400,13.736717,N,100.523525,E,26.9,33.0,1.1,90.0,9,1
18500,12:43:24.500,13.736717,N,100.523534,E,27.4,33.3,1.1,90.0,11,1
18600,12:43:24.600,13.736717,N,100.523542,E,28.1,33.7,0.9,90.0,11,1
18700,12:43:24.700,13.736717,N,100.523551,E,28.7,34.0,1.1,90.0,10,1
18800,12:43:24.800,13.736717,N,100.523560,E,29.2,34.3,0.8,90.0,11,1
18900,12:43:24.900,13.736717,N,100.523569,E,29.9,34.7,0.8,90.0,11,1
19000,12:43:25.000,13.736717,N,100.523578,E,30.4,35.0,0.9,90.0,10,1
19100,12:43:25.100,13.736717,N,100.523587,E,31.0,35.3,1.0,90.0,11,1
19200,12:43:25.200,13.736717,N,100.523596,E,31.4,35.7,0.9,90.0,9,1
19300,12:43:25.300,13.736717,N,100.523605,E,32.1,36.0,1.0,90.0,11,1
19400,12:43:25.400,13.736717,N,100.523615,E,32.8,36.3,1.0,90.0,11,1
19500,12:43:25.500,13.736717,N,100.523624,E,33.4,36.7,0.9,90.0,10,1
19600,12:43:25.600,13.736717,N,100.523633,E,34.2,37.0,1.1,90.0,11,1
19700,12:43:25.700,13.736717,N,100.523643,E,34.7,37.3,0.9,90.0,9,1
19800,12:43:25.800,13.736717,N,100.523653,E,35.4,37.7,0.9,90.0,10,1
19900,12:43:25.900,13.736717,N,100.523663,E,36.1,38.0,1.0,90.0,9,1
20000,12:43:26.000,13.736717,N,100.523672,E,36.6,38.3,1.0,90.0,10,1
20100,12:43:26.100,13.736717,N,100.523682,E,37.2,38.7,0.8,90.0,10,1
20200,12:43:26.200,13.736717,N,100.523692,E,37.7,39.0,0.9,90.0,10,1
20300,12:43:26.300,13.736717,N,100.523702,E,38.2,39.3,1.2,90.0,11,1
20400,12:43:26.400,13.736717,N,100.523713,E,38.9,39.7,1.0,90.0,9,1
20500,12:43:26.500,13.736717,N,100.523723,E,39.5,40.0,1.2,90.0,9,1
20600,12:43:26.600,13.736717,N,100.523733,E,40.3,40.3,0.8,90.0,11,1
20700,12:43:26.700,13.736717,N,100.523744,E,41.1,40.7,0.9,90.0,9,1
20800,12:43:26.800,13.736717,N,100.523754,E,41.9,41.0,1.0,90.0,10,1
20900,12:43:26.900,13.736717,N,100.523765,E,42.7,41.3,1.2,90.0,11,1
21000,12:43:27.000,13.736717,N,100.523776,E,43.5,41.7,0.9,90.0,10,1
21100,12:43:27.100,13.736717,N,100.523786,E,44.2,42.0,1.1,90.0,9,1
21200,12:43:27.200,13.736717,N,100.523797,E,45.0,42.3,1.2,90.0,10,1
21300,12:43:27.300,13.736717,N,100.523808,E,45.8,42.7,1.0,90.0,10,1
21400,12:43:27.400,13.736717,N,100.523819,E,46.7,43.0,0.9,90.0,10,1
21500,12:43:27.500,13.736717,N,100.523830,E,47.4,43.3,1.0,90.0,11,1
21600,12:43:27.600,13.736717,N,100.523842,E,48.1,43.7,0.8,90.0,10,1
21700,12:43:27.700,13.736717,N,100.523853,E,49.0,44.0,1.1,90.0,9,1
21800,12:43:27.800,13.736717,N,100.523864,E,49.8,44.3,1.0,90.0,10,1
21900,12:43:27.900,13.736717,N,100.523876,E,50.6,44.7,1.1,90.0,10,1
22000,12:43:28.000,13.736717,N,100.523887,E,51.5,45.0,0.9,90.0,10,1
22100,12:43:28.100,13.736717,N,100.523899,E,52.3,45.3,0.8,90.0,9,1
22200,12:43:28.200,13.736717,N,100.523911,E,53.1,45.7,1.0,90.0,11,1
22300,12:43:28.300,13.736717,N,100.523922,E,53.6,46.0,1.2,90.0,11,1
22400,12:43:28.400,13.736717,N,100.523934,E,54.4,46.3,0.8,90.0,11,1
22500,12:43:28.500,13.736717,N,100.523946,E,55.1,46.7,0.9,90.0,10,1
22600,12:43:28.600,13.736717,N,100.523958,E,55.7,47.0,0.9,90.0,9,1
22700,12:43:28.700,13.736717,N,100.523971,E,56.6,47.3,0.9,90.0,9,1
22800,12:43:28.800,13.736717,N,100.523983,E,57.2,47.7,0.9,90.0,9,1
22900,12:43:28.900,13.736717,N,100.523995,E,58.1,48.0,1.0,90.0,11,1
23000,12:43:29.000,13.736717,N,100.524008,E,59.2,48.3,1.2,90.0,9,1
23100,12:43:29.100,13.736717,N,100.524020,E,60.1,48.7,1.0,90.0,10,1
23200,12:43:29.200,13.736717,N,100.524033,E,60.8,49.0,1.1,90.0,9,1
23300,12:43:29.300,13.736717,N,100.524045,E,61.4,49.3,0.8,90.0,10,1
23400,12:43:29.400,13.736717,N,100.524058,E,62.2,49.7,1.1,90.0,10,1
23500,12:43:29.500,13.736717,N,100.524071,E,63.2,50.0,0.9,90.0,10,1
23600,12:43:29.600,13.736717,N,100.524084,E,64.0,50.3,1.0,90.0,10,1
23700,12:43:29.700,13.736717,N,100.524097,E,64.5,50.7,1.0,90.0,11,1
23800,12:43:29.800,13.736717,N,100.524110,E,65.2,51.0,1.1,90.0,10,1
23900,12:43:29.900,13.736717,N,100.524123,E,65.8,51.3,0.9,90.0,10,1
24000,12:43:30.000,13.736717,N,100.524136,E,66.5,51.7,1.0,90.0,10,1
24100,12:43:30.100,13.736717,N,100.524150,E,67.1,52.0,1.0,90.0,11,1
24200,12:43:30.200,13.736717,N,100.524163,E,67.8,52.3,1.0,90.0,11,1
24300,12:43:30.300,13.736717,N,100.524177,E,68.5,52.7,1.1,90.0,9,1
24400,12:43:30.400,13.736717,N,100.524190,E,69.2,53.0,1.2,90.0,11,1
24500,12:43:30.500,13.736717,N,100.524204,E,69.9,53.3,1.0,90.0,9,1
24600,12:43:30.600,13.736717,N,100.524218,E,70.6,53.7,0.9,90.0,9,1
24700,12:43:30.700,13.736717,N,100.524232,E,71.2,54.0,0.9,90.0,9,1
24800,12:43:30.800,13.736717,N,100.524246,E,71.8,54.3,1.1,90.0,9,1
24900,12:43:30.900,13.736717,N,100.524260,E,72.5,54.7,1.1,90.0,10,1
25000,12:43:31.000,13.736717,N,100.524275,E,73.3,60.0,0.9,90.0,11,1
25100,12:43:31.100,13.736717,N,100.524291,E,73.2,60.1,0.8,90.2,10,1
25200,12:43:31.200,13.736717,N,100.524306,E,73.2,60.1,1.1,90.3,9,1
25300,12:43:31.300,13.736717,N,100.524321,E,73.3,60.2,0.9,90.5,9,1
25400,12:43:31.400,13.736717,N,100.524337,E,73.3,60.2,1.1,90.6,9,1
25500,12:43:31.500,13.736716,N,100.524352,E,73.5,60.3,1.1,90.8,11,1
25600,12:43:31.600,13.736716,N,100.524368,E,73.4,60.4,0.9,90.9,9,1
25700,12:43:31.700,13.736716,N,100.524383,E,73.7,60.4,1.1,91.1,11,1
25800,12:43:31.800,13.736716,N,100.524399,E,73.8,60.5,0.9,91.3,9,1
25900,12:43:31.900,13.736715,N,100.524415,E,73.9,60.5,0.9,91.4,11,1
26000,12:43:32.000,13.736715,N,100.524430,E,74.0,60.6,1.2,91.6,9,1
26100,12:43:32.100,13.736714,N,100.524446,E,74.0,60.7,0.9,91.7,11,1
26200,12:43:32.200,13.736714,N,100.524461,E,74.4,60.7,1.0,91.9,11,1
26300,12:43:32.300,13.736713,N,100.524477,E,74.5,60.8,0.9,92.0,9,1
26400,12:43:32.400,13.736713,N,100.524493,E,74.5,60.8,1.1,92.2,9,1
26500,12:43:32.500,13.736712,N,100.524508,E,74.7,60.9,0.9,92.4,10,1
26600,12:43:32.600,13.736711,N,100.524524,E,74.9,61.0,1.1,92.5,10,1
26700,12:43:32.700,13.736711,N,100.524539,E,74.8,61.0,0.8,92.7,11,1
26800,12:43:32.800,13.736710,N,100.524555,E,74.9,61.1,0.9,92.8,11,1
26900,12:43:32.900,13.736709,N,100.524571,E,75.0,61.1,0.8,93.0,11,1
27000,12:43:33.000,13.736708,N,100.524586,E,75.0,61.2,0.9,93.1,9,1
27100,12:43:33.100,13.736707,N,100.524602,E,75.0,61.3,0.9,93.3,10,1
27200,12:43:33.200,13.736706,N,100.524618,E,75.0,61.3,1.1,93.4,10,1
27300,12:43:33.300,13.736706,N,100.524634,E,75.0,61.4,1.2,93.6,9,1
27400,12:43:33.400,13.736705,N,100.524649,E,74.9,61.4,1.2,93.7,9,1
27500,12:43:33.500,13.736703,N,100.524665,E,75.0,61.5,1.0,93.9,9,1
27600,12:43:33.600,13.736702,N,100.524681,E,75.3,61.6,1.0,94.1,11,1
27700,12:43:33.700,13.736701,N,100.524697,E,75.4,61.6,1.1,94.2,10,1
27800,12:43:33.800,13.736700,N,100.524713,E,75.4,61.7,1.1,94.4,10,1
27900,12:43:33.900,13.736699,N,100.524728,E,75.5,61.7,0.9,94.5,10,1
28000,12:43:34.000,13.736698,N,100.524744,E,75.6,61.8,0.9,94.7,10,1
28100,12:43:34.100,13.736696,N,100.524760,E,75.5,61.9,1.2,94.8,9,1
28200,12:43:34.200,13.736695,N,100.524776,E,75.6,61.9,1.1,95.0,10,1
28300,12:43:34.300,13.736694,N,100.524792,E,75.4,62.0,0.9,95.1,9,1
28400,12:43:34.400,13.736692,N,100.524808,E,75.3,62.0,1.1,95.3,9,1
28500,12:43:34.500,13.736691,N,100.524823,E,75.4,62.1,1.0,95.4,11,1
28600,12:43:34.600,13.736689,N,100.524839,E,75.2,62.2,1.1,95.6,10,1
28700,12:43:34.700,13.736688,N,100.524855,E,75.6,62.2,1.2,95.7,9,1
28800,12:43:34.800,13.736686,N,100.524871,E,75.4,62.3,0.9,95.9,11,1
28900,12:43:34.900,13.736684,N,100.524887,E,75.3,62.3,1.0,96.0,9,1
29000,12:43:35.000,13.736683,N,100.524903,E,75.4,62.4,1.0,96.2,11,1
29100,12:43:35.100,13.736681,N,100.524919,E,75.4,62.5,1.1,96.3,11,1
29200,12:43:35.200,13.736679,N,100.524935,E,75.5,62.5,1.0,96.5,9,1
29300,12:43:35.300,13.736677,N,100.524951,E,75.5,62.6,1.0,96.6,9,1
29400,12:43:35.400,13.736676,N,100.524967,E,75.7,62.6,0.9,96.8,11,1
29500,12:43:35.500,13.736674,N,100.524983,E,75.8,62.7,1.1,96.9,9,1
29600,12:43:35.600,13.736672,N,100.524999,E,75.7,62.8,0.9,97.1,10,1
29700,12:43:35.700,13.736670,N,100.525015,E,75.6,62.8,1.0,97.2,9,1
29800,12:43:35.800,13.736668,N,100.525031,E,75.8,62.9,1.0,97.4,9,1
29900,12:43:35.900,13.736666,N,100.525047,E,75.9,62.9,0.9,97.5,9,1
30000,12:43:36.000,13.736664,N,100.525063,E,76.1,63.0,0.9,97.7,9,1
30100,12:43:36.100,13.736662,N,100.525079,E,76.3,63.1,1.0,97.8,10,1
30200,12:43:36.200,13.736659,N,100.525095,E,76.3,63.1,1.0,97.9,10,1
30300,12:43:36.300,13.736657,N,100.525111,E,76.2,63.2,1.1,98.1,10,1
30400,12:43:36.400,13.736655,N,100.525127,E,76.2,63.2,0.9,98.2,10,1
30500,12:43:36.500,13.736653,N,100.525143,E,76.2,63.3,0.9,98.4,10,1
30600,12:43:36.600,13.736650,N,100.525159,E,76.4,63.4,1.2,98.5,11,1
30700,12:43:36.700,13.736648,N,100.525175,E,76.4,63.4,1.2,98.7,9,1
30800,12:43:36.800,13.736645,N,100.525192,E,76.5,63.5,1.1,98.8,11,1
30900,12:43:36.900,13.736643,N,100.525208,E,76.6,63.5,0.9,98.9,9,1
31000,12:43:37.000,13.736640,N,100.525224,E,76.9,63.6,1.0,99.1,11,1
31100,12:43:37.100,13.736638,N,100.525240,E,77.1,63.7,1.0,99.2,11,1
31200,12:43:37.200,13.736635,N,100.525256,E,77.3,63.7,1.1,99.4,11,1
31300,12:43:37.300,13.736633,N,100.525272,E,77.2,63.8,1.1,99.5,11,1
31400,12:43:37.400,13.736630,N,100.525288,E,77.3,63.8,0.9,99.6,10,1
31500,12:43:37.500,13.736627,N,100.525305,E,77.5,63.9,1.0,99.8,10,1
31600,12:43:37.600,13.736625,N,100.525321,E,77.6,64.0,1.0,99.9,11,1
31700,12:43:37.700,13.736622,N,100.525337,E,77.9,64.0,1.0,100.0,10,1
31800,12:43:37.800,13.736619,N,100.525353,E,77.8,64.1,0.9,100.2,10,1
31900,12:43:37.900,13.736616,N,100.525369,E,78.0,64.1,0.9,100.3,11,1
32000,12:43:38.000,13.736613,N,100.525386,E,78.2,64.2,0.8,100.4,10,1
32100,12:43:38.100,13.736610,N,100.525402,E,78.3,64.3,0.9,100.6,10,1
32200,12:43:38.200,13.736607,N,100.525418,E,78.1,64.3,1.0,100.7,10,1
32300,12:43:38.300,13.736604,N,100.525434,E,78.4,64.4,1.1,100.8,10,1
32400,12:43:38.400,13.736601,N,100.525451,E,78.4,64.4,0.8,101.0,10,1
32500,12:43:38.500,13.736598,N,100.525467,E,78.3,64.5,1.0,101.1,9,1
32600,12:43:38.600,13.736595,N,100.525483,E,78.4,64.6,1.1,101.2,10,1
32700,12:43:38.700,13.736592,N,100.525499,E,78.6,64.6,0.9,101.4,11,1
32800,12:43:38.800,13.736589,N,100.525516,E,78.7,64.7,1.0,101.5,11,1
32900,12:43:38.900,13.736585,N,100.525532,E,78.9,64.7,1.1,101.6,10,1
33000,12:43:39.000,13.736582,N,100.525548,E,79.4,64.8,1.1,101.8,10,1
33100,12:43:39.100,13.736579,N,100.525565,E,79.6,64.9,1.1,101.9,9,1
33200,12:43:39.200,13.736575,N,100.525581,E,79.8,64.9,1.0,102.0,11,1
33300,12:43:39.300,13.736572,N,100.525597,E,79.6,65.0,0.8,102.1,10,1
33400,12:43:39.400,13.736568,N,100.525614,E,79.8,65.0,1.1,102.3,9,1
33500,12:43:39.500,13.736565,N,100.525630,E,80.0,65.1,1.0,102.4,11,1
33600,12:43:39.600,13.736561,N,100.525646,E,80.1,65.2,0.9,102.5,11,1
33700,12:43:39.700,13.736558,N,100.525663,E,80.2,65.2,1.1,102.6,10,1
33800,12:43:39.800,13.736554,N,100.525679,E,80.7,65.3,1.2,102.7,9,1
33900,12:43:39.900,13.736551,N,100.525695,E,80.7,65.3,0.9,102.9,9,1
34000,12:43:40.000,13.736547,N,100.525712,E,80.9,65.4,0.8,103.0,11,1
34100,12:43:40.100,13.736543,N,100.525728,E,81.2,65.5,0.8,103.1,10,1
34200,12:43:40.200,13.736540,N,100.525744,E,81.5,65.5,1.0,103.2,9,1
34300,12:43:40.300,13.736536,N,100.525761,E,81.6,65.6,0.8,103.3,11,1
34400,12:43:40.400,13.736532,N,100.525777,E,81.9,65.6,1.0,103.5,9,1
34500,12:43:40.500,13.736528,N,100.525794,E,82.0,65.7,1.0,103.6,10,1
34600,12:43:40.600,13.736524,N,100.525810,E,82.2,65.8,0.9,103.7,10,1
34700,12:43:40.700,13.736520,N,100.525826,E,82.2,65.8,0.8,103.8,11,1
34800,12:43:40.800,13.736516,N,100.525843,E,82.3,65.9,0.8,103.9,9,1
34900,12:43:40.900,13.736512,N,100.525859,E,82.6,65.9,0.9,104.0,11,1
35000,12:43:41.000,13.736508,N,100.525876,E,82.5,66.0,1.1,104.1,11,1
35100,12:43:41.100,13.736504,N,100.525892,E,82.7,66.1,1.0,104.3,10,1
35200,12:43:41.200,13.736500,N,100.525909,E,83.0,66.1,0.9,104.4,11,1
35300,12:43:41.300,13.736496,N,100.525925,E,83.1,66.2,1.1,104.5,11,1
35400,12:43:41.400,13.736492,N,100.525942,E,83.3,66.2,1.0,104.6,10,1
35500,12:43:41.500,13.736488,N,100.525958,E,83.2,66.3,1.2,104.7,11,1
35600,12:43:41.600,13.736484,N,100.525975,E,83.4,66.4,0.9,104.8,9,1
35700,12:43:41.700,13.736479,N,100.525991,E,83.5,66.4,0.8,104.9,11,1
35800,12:43:41.800,13.736475,N,100.526008,E,84.0,66.5,0.9,105.0,10,1
35900,12:43:41.900,13.736471,N,100.526024,E,84.1,66.5,0.9,105.1,11,1
36000,12:43:42.000,13.736466,N,100.526041,E,84.2,66.6,0.9,105.2,10,1
36100,12:43:42.100,13.736462,N,100.526057,E,84.2,66.7,1.1,105.3,10,1
36200,12:43:42.200,13.736457,N,100.526074,E,84.6,66.7,1.2,105.4,11,1
36300,12:43:42.300,13.736453,N,100.526090,E,84.8,66.8,1.0,105.5,10,1
36400,12:43:42.400,13.736449,N,100.526107,E,85.0,66.8,1.0,105.6,10,1
36500,12:43:42.500,13.736444,N,100.526123,E,85.0,66.9,1.2,105.7,11,1
36600,12:43:42.600,13.736439,N,100.526140,E,85.1,67.0,0.9,105.8,11,1
36700,12:43:42.700,13.736435,N,100.526156,E,85.3,67.0,0.9,105.9,9,1
36800,12:43:42.800,13.736430,N,100.526173,E,85.7,67.1,0.9,106.0,10,1
36900,12:43:42.900,13.736426,N,100.526189,E,85.6,67.1,0.9,106.1,10,1
37000,12:43:43.000,13.736421,N,100.526206,E,85.6,67.2,0.9,106.2,9,1
37100,12:43:43.100,13.736416,N,100.526223,E,85.7,67.3,1.2,106.3,11,1
37200,12:43:43.200,13.736411,N,100.526239,E,85.8,67.3,1.1,106.4,9,1
37300,12:43:43.300,13.736407,N,100.526256,E,86.0,67.4,0.9,106.5,11,1
37400,12:43:43.400,13.736402,N,100.526272,E,86.1,67.4,1.0,106.5,11,1
37500,12:43:43.500,13.736397,N,100.526289,E,86.3,67.5,0.9,106.6,11,1
37600,12:43:43.600,13.736392,N,100.526306,E,86.7,67.6,0.9,106.7,11,1
37700,12:43:43.700,13.736387,N,100.526322,E,87.0,67.6,1.1,106.8,10,1
37800,12:43:43.800,13.736382,N,100.526339,E,86.9,67.7,1.1,106.9,11,1
37900,12:43:43.900,13.736378,N,100.526356,E,87.2,67.7,0.9,107.0,10,1
38000,12:43:44.000,13.736373,N,100.526372,E,87.4,67.8,0.9,107.1,9,1
38100,12:43:44.100,13.736368,N,100.526389,E,87.4,67.9,1.1,107.1,11,1
38200,12:43:44.200,13.736363,N,100.526405,E,87.4,67.9,0.9,107.2,9,1
38300,12:43:44.300,13.736358,N,100.526422,E,87.6,68.0,0.9,107.3,10,1
38400,12:43:44.400,13.736352,N,100.526439,E,88.1,68.0,1.2,107.4,9,1
38500,12:43:44.500,13.736347,N,100.526456,E,88.1,68.1,0.8,107.4,11,1
38600,12:43:44.600,13.736342,N,100.526472,E,88.1,68.2,1.1,107.5,10,1
38700,12:43:44.700,13.736337,N,100.526489,E,88.0,68.2,1.2,107.6,10,1
38800,12:43:44.800,13.736332,N,100.526506,E,88.1,68.3,0.9,107.7,11,1
38900,12:43:44.900,13.736327,N,100.526522,E,88.2,68.3,1.1,107.7,11,1
39000,12:43:45.000,13.736322,N,100.526539,E,88.4,68.4,1.2,107.8,10,1
39100,12:43:45.100,13.736316,N,100.526556,E,88.5,68.5,0.9,107.9,10,1
39200,12:43:45.200,13.736311,N,100.526573,E,88.4,68.5,1.1,108.0,10,1
39300,12:43:45.300,13.736306,N,100.526589,E,88.6,68.6,0.9,108.0,11,1
39400,12:43:45.400,13.736300,N,100.526606,E,88.8,68.6,0.9,108.1,9,1
39500,12:43:45.500,13.736295,N,100.526623,E,89.1,68.7,1.0,108.2,9,1
39600,12:43:45.600,13.736290,N,100.526640,E,89.0,68.8,0.9,108.2,10,1
39700,12:43:45.700,13.736284,N,100.526656,E,88.9,68.8,0.8,108.3,9,1
39800,12:43:45.800,13.736279,N,100.526673,E,89.2,68.9,0.9,108.4,11,1
39900,12:43:45.900,13.736273,N,100.526690,E,89.5,68.9,1.1,108.4,11,1
40000,12:43:46.000,13.736268,N,100.526707,E,89.4,69.0,0.9,108.5,11,1
40100,12:43:46.100,13.736262,N,100.526724,E,89.3,69.1,1.0,108.5,11,1
40200,12:43:46.200,13.736257,N,100.526740,E,89.6,69.1,0.8,108.6,11,1
40300,12:43:46.300,13.736251,N,100.526757,E,89.4,69.2,1.1,108.7,9,1
40400,12:43:46.400,13.736246,N,100.526774,E,89.2,69.2,1.2,108.7,10,1
40500,12:43:46.500,13.736240,N,100.526791,E,89.3,69.3,1.0,108.8,10,1
40600,12:43:46.600,13.736235,N,100.526808,E,89.3,69.4,1.0,108.8,10,1
40700,12:43:46.700,13.736229,N,100.526825,E,89.4,69.4,1.0,108.9,10,1
40800,12:43:46.800,13.736224,N,100.526842,E,89.4,69.5,0.9,108.9,9,1
40900,12:43:46.900,13.736218,N,100.526859,E,89.4,69.5,0.9,109.0,9,1
41000,12:43:47.000,13.736212,N,100.526875,E,89.4,69.6,1.0,109.0,10,1
41100,12:43:47.100,13.736207,N,100.526892,E,89.6,69.7,1.1,109.1,11,1
41200,12:43:47.200,13.736201,N,100.526909,E,89.7,69.7,1.2,109.1,9,1
41300,12:43:47.300,13.736195,N,100.526926,E,89.7,69.8,1.0,109.2,9,1
41400,12:43:47.400,13.736189,N,100.526943,E,89.7,69.8,1.1,109.2,10,1
41500,12:43:47.500,13.736184,N,100.526960,E,89.8,69.9,0.9,109.2,10,1
41600,12:43:47.600,13.736178,N,100.526977,E,89.8,70.0,1.1,109.3,11,1
41700,12:43:47.700,13.736172,N,100.526994,E,90.0,70.0,1.1,109.3,10,1
41800,12:43:47.800,13.736166,N,100.527011,E,90.0,70.1,0.9,109.4,11,1
41900,12:43:47.900,13.736161,N,100.527028,E,90.0,70.1,1.2,109.4,9,1
42000,12:43:48.000,13.736155,N,100.527045,E,90.1,70.2,0.9,109.4,10,1
42100,12:43:48.100,13.736149,N,100.527062,E,90.2,70.3,1.1,109.5,11,1
42200,12:43:48.200,13.736143,N,100.527079,E,90.3,70.3,1.0,109.5,9,1
42300,12:43:48.300,13.736137,N,100.527096,E,90.3,70.4,0.9,109.6,10,1
42400,12:43:48.400,13.736131,N,100.527113,E,90.2,70.4,0.9,109.6,9,1
42500,12:43:48.500,13.736125,N,100.527130,E,90.3,70.5,0.8,109.6,11,1
42600,12:43:48.600,13.736119,N,100.527147,E,90.5,70.6,0.8,109.6,10,1
42700,12:43:48.700,13.736113,N,100.527164,E,90.7,70.6,0.9,109.7,10,1
42800,12:43:48.800,13.736107,N,100.527181,E,90.8,70.7,0.9,109.7,9,1
42900,12:43:48.900,13.736102,N,100.527199,E,90.8,70.7,1.0,109.7,10,1
43000,12:43:49.000,13.736096,N,100.527216,E,90.8,70.8,0.8,109.8,10,1
43100,12:43:49.100,13.736090,N,100.527233,E,90.9,70.9,1.1,109.8,10,1
43200,12:43:49.200,13.736084,N,100.527250,E,90.9,70.9,0.8,109.8,11,1
43300,12:43:49.300,13.736078,N,100.527267,E,90.9,71.0,1.1,109.8,10,1
43400,12:43:49.400,13.736072,N,100.527284,E,91.1,71.0,1.0,109.8,10,1
43500,12:43:49.500,13.736066,N,100.527301,E,91.0,71.1,0.9,109.9,11,1
43600,12:43:49.600,13.736060,N,100.527319,E,91.0,71.2,1.2,109.9,10,1
43700,12:43:49.700,13.736053,N,100.527336,E,90.7,71.2,1.2,109.9,11,1
43800,12:43:49.800,13.736047,N,100.527353,E,90.7,71.3,1.1,109.9,9,1
43900,12:43:49.900,13.736041,N,100.527370,E,90.6,71.3,1.2,109.9,9,1
44000,12:43:50.000,13.736035,N,100.527387,E,90.7,71.4,1.1,109.9,11,1
44100,12:43:50.100,13.736029,N,100.527405,E,90.7,71.5,0.8,110.0,11,1
44200,12:43:50.200,13.736023,N,100.527422,E,90.5,71.5,0.9,110.0,9,1
44300,12:43:50.300,13.736017,N,100.527439,E,90.7,71.6,1.0,110.0,10,1
44400,12:43:50.400,13.736011,N,100.527457,E,90.8,71.6,1.2,110.0,9,1
44500,12:43:50.500,13.736005,N,100.527474,E,90.7,71.7,0.9,110.0,11,1
44600,12:43:50.600,13.735999,N,100.527491,E,90.5,71.8,1.0,110.0,10,1
44700,12:43:50.700,13.735993,N,100.527509,E,90.4,71.8,1.0,110.0,10,1
44800,12:43:50.800,13.735986,N,100.527526,E,90.3,71.9,0.9,110.0,9,1
44900,12:43:50.900,13.735980,N,100.527543,E,90.2,71.9,1.2,110.0,10,1
45000,12:43:51.000,13.735974,N,100.527561,E,90.1,72.0,1.0,110.0,11,1
45100,12:43:51.100,13.735968,N,100.527578,E,89.9,72.0,1.0,110.0,11,1
45200,12:43:51.200,13.735962,N,100.527595,E,90.1,72.0,1.0,110.0,10,1
45300,12:43:51.300,13.735956,N,100.527613,E,90.2,72.0,0.9,110.0,10,1
45400,12:43:51.400,13.735950,N,100.527630,E,90.1,72.0,0.9,110.0,11,1
45500,12:43:51.500,13.735943,N,100.527648,E,90.3,72.0,1.2,110.0,11,1
45600,12:43:51.600,13.735937,N,100.527665,E,90.2,72.0,0.8,110.0,9,1
45700,12:43:51.700,13.735931,N,100.527682,E,90.2,72.0,1.0,110.0,10,1
45800,12:43:51.800,13.735925,N,100.527700,E,90.2,72.0,1.2,110.0,9,1
45900,12:43:51.900,13.735919,N,100.527717,E,90.2,72.0,1.0,110.0,9,1
46000,12:43:52.000,13.735913,N,100.527734,E,90.0,72.0,1.1,109.9,11,1
46100,12:43:52.100,13.735907,N,100.527752,E,90.1,72.0,1.0,109.9,9,1
46200,12:43:52.200,13.735900,N,100.527769,E,90.1,72.0,1.1,109.9,11,1
46300,12:43:52.300,13.735894,N,100.527787,E,90.2,72.0,1.0,109.9,11,1
46400,12:43:52.400,13.735888,N,100.527804,E,90.1,72.0,0.9,109.9,9,1
46500,12:43:52.500,13.735882,N,100.527821,E,90.1,72.0,1.1,109.9,11,1
46600,12:43:52.600,13.735876,N,100.527839,E,90.2,72.0,0.8,109.8,11,1
46700,12:43:52.700,13.735870,N,100.527856,E,90.2,72.0,1.1,109.8,9,1
46800,12:43:52.800,13.735864,N,100.527874,E,90.3,72.0,1.0,109.8,9,1
46900,12:43:52.900,13.735858,N,100.527891,E,90.2,72.0,0.8,109.8,10,1
47000,12:43:53.000,13.735852,N,100.527908,E,90.2,72.0,1.2,109.8,10,1
47100,12:43:53.100,13.735846,N,100.527926,E,90.3,72.0,0.9,109.7,9,1
47200,12:43:53.200,13.735840,N,100.527943,E,90.4,72.0,0.8,109.7,9,1
47300,12:43:53.300,13.735834,N,100.527961,E,90.2,72.0,0.8,109.7,10,1
47400,12:43:53.400,13.735828,N,100.527978,E,90.0,72.0,1.1,109.6,10,1
47500,12:43:53.500,13.735821,N,100.527996,E,89.9,72.0,1.1,109.6,10,1
47600,12:43:53.600,13.735815,N,100.528013,E,89.8,72.0,1.0,109.6,10,1
47700,12:43:53.700,13.735809,N,100.528030,E,89.7,72.0,1.2,109.6,10,1
47800,12:43:53.800,13.735803,N,100.528048,E,89.4,72.0,0.9,109.5,10,1
47900,12:43:53.900,13.735797,N,100.528065,E,89.5,72.0,1.1,109.5,9,1
48000,12:43:54.000,13.735791,N,100.528083,E,89.6,72.0,0.8,109.4,9,1
48100,12:43:54.100,13.735785,N,100.528100,E,89.6,72.0,1.2,109.4,11,1
48200,12:43:54.200,13.735780,N,100.528118,E,89.6,72.0,1.1,109.4,11,1
48300,12:43:54.300,13.735774,N,100.528135,E,89.6,72.0,0.9,109.3,11,1
48400,12:43:54.400,13.735768,N,100.528152,E,89.7,72.0,1.2,109.3,10,1
48500,12:43:54.500,13.735762,N,100.528170,E,89.5,72.0,1.2,109.2,10,1
48600,12:43:54.600,13.735756,N,100.528187,E,89.5,72.0,0.9,109.2,10,1
48700,12:43:54.700,13.735750,N,100.528205,E,89.4,72.0,1.1,109.2,11,1
48800,12:43:54.800,13.735744,N,100.528222,E,89.4,72.0,0.9,109.1,11,1
48900,12:43:54.900,13.735738,N,100.528240,E,89.4,72.0,1.1,109.1,10,1
49000,12:43:55.000,13.735732,N,100.528257,E,89.5,72.0,1.0,109.0,10,1
49100,12:43:55.100,13.735726,N,100.528275,E,89.5,72.0,1.0,109.0,9,1
49200,12:43:55.200,13.735721,N,100.528292,E,89.4,72.0,1.0,108.9,9,1
49300,12:43:55.300,13.735715,N,100.528310,E,88.9,72.0,1.0,108.9,11,1
49400,12:43:55.400,13.735709,N,100.528327,E,88.9,72.0,0.9,108.8,9,1
49500,12:43:55.500,13.735703,N,100.528345,E,88.6,72.0,0.9,108.8,10,1
49600,12:43:55.600,13.735697,N,100.528362,E,88.3,72.0,1.0,108.7,9,1
49700,12:43:55.700,13.735692,N,100.528380,E,88.3,72.0,1.0,108.7,10,1
49800,12:43:55.800,13.735686,N,100.528397,E,88.0,72.0,0.8,108.6,10,1
49900,12:43:55.900,13.735680,N,100.528415,E,88.0,72.0,1.0,108.5,10,1
50000,12:43:56.000,13.735675,N,100.528432,E,88.1,72.0,1.1,108.5,10,1
50100,12:43:56.100,13.735669,N,100.528450,E,87.9,72.0,1.2,108.4,10,1
50200,12:43:56.200,13.735663,N,100.528468,E,87.7,72.0,0.9,108.4,9,1
50300,12:43:56.300,13.735658,N,100.528485,E,87.6,72.0,1.1,108.3,10,1
50400,12:43:56.400,13.735652,N,100.528503,E,87.4,72.0,1.0,108.2,11,1
50500,12:43:56.500,13.735646,N,100.528520,E,87.5,72.0,0.8,108.2,11,1
50600,12:43:56.600,13.735641,N,100.528538,E,87.0,72.0,1.0,108.1,9,1
50700,12:43:56.700,13.735635,N,100.528555,E,87.0,72.0,0.9,108.0,11,1
50800,12:43:56.800,13.735630,N,100.528573,E,87.0,72.0,1.1,108.0,9,1
50900,12:43:56.900,13.735624,N,100.528591,E,87.0,72.0,0.9,107.9,10,1
51000,12:43:57.000,13.735619,N,100.528608,E,87.1,72.0,1.0,107.8,10,1
51100,12:43:57.100,13.735613,N,100.528626,E,87.0,72.0,1.2,107.7,9,1
51200,12:43:57.200,13.735608,N,100.528643,E,86.7,72.0,1.2,107.7,10,1
51300,12:43:57.300,13.735602,N,100.528661,E,86.7,72.0,1.1,107.6,11,1
51400,12:43:57.400,13.735597,N,100.528679,E,86.5,72.0,1.1,107.5,11,1
51500,12:43:57.500,13.735592,N,100.528696,E,86.3,72.0,1.0,107.4,11,1
51600,12:43:57.600,13.735586,N,100.528714,E,86.1,72.0,0.9,107.4,11,1
51700,12:43:57.700,13.735581,N,100.528732,E,86.0,72.0,1.1,107.3,9,1
51800,12:43:57.800,13.735576,N,100.528749,E,86.2,72.0,1.0,107.2,11,1
51900,12:43:57.900,13.735570,N,100.528767,E,86.1,72.0,1.0,107.1,10,1
52000,12:43:58.000,13.735565,N,100.528785,E,86.0,72.0,1.1,107.1,11,1
52100,12:43:58.100,13.735560,N,100.528802,E,85.7,72.0,1.0,107.0,11,1
52200,12:43:58.200,13.735555,N,100.528820,E,85.8,72.0,1.1,106.9,11,1
52300,12:43:58.300,13.735549,N,100.528838,E,85.8,72.0,1.0,106.8,10,1
52400,12:43:58.400,13.735544,N,100.528856,E,85.8,72.0,1.0,106.7,11,1
52500,12:43:58.500,13.735539,N,100.528873,E,85.8,72.0,1.0,106.6,11,1
52600,12:43:58.600,13.735534,N,100.528891,E,85.7,72.0,1.1,106.5,10,1
52700,12:43:58.700,13.735529,N,100.528909,E,85.4,72.0,1.1,106.5,11,1
52800,12:43:58.800,13.735524,N,100.528926,E,85.0,72.0,1.0,106.4,9,1
52900,12:43:58.900,13.735519,N,100.528944,E,85.0,72.0,0.9,106.3,10,1
53000,12:43:59.000,13.735514,N,100.528962,E,85.1,72.0,1.1,106.2,10,1
53100,12:43:59.100,13.735509,-,100.528980,-,84.8,72.0,9.9,106.1,2,0
53200,12:43:59.200,13.735504,-,100.528998,-,84.6,72.0,9.9,106.0,2,0
53300,12:43:59.300,13.735499,-,100.529015,-,84.6,72.0,9.9,105.9,2,0
53400,12:43:59.400,13.735494,-,100.529033,-,84.7,72.0,9.9,105.8,2,0
53500,12:43:59.500,13.735489,-,100.529051,-,84.4,72.0,9.9,105.7,2,0
53600,12:43:59.600,13.735484,-,100.529069,-,84.6,72.0,9.9,105.6,2,0
53700,12:43:59.700,13.735479,-,100.529087,-,84.6,72.0,9.9,105.5,2,0
53800,12:43:59.800,13.735475,-,100.529104,-,84.5,72.0,9.9,105.4,2,0
53900,12:43:59.900,13.735470,-,100.529122,-,84.5,72.0,9.9,105.3,2,0
54000,12:44:00.000,13.735465,-,100.529140,-,84.6,72.0,9.9,105.2,2,0
54100,12:44:00.100,13.735461,-,100.529158,-,84.5,72.0,9.9,105.1,2,0
54200,12:44:00.200,13.735456,N,100.529176,E,84.6,72.0,0.9,105.0,11,1
54300,12:44:00.300,13.735451,N,100.529194,E,84.2,72.0,0.9,104.9,10,1
54400,12:44:00.400,13.735447,N,100.529212,E,84.1,72.0,1.1,104.8,9,1
54500,12:44:00.500,13.735442,N,100.529229,E,84.0,72.0,0.9,104.7,11,1
54600,12:44:00.600,13.735438,N,100.529247,E,83.6,72.0,1.1,104.6,10,1
54700,12:44:00.700,13.735433,N,100.529265,E,83.4,72.0,1.0,104.5,11,1
54800,12:44:00.800,13.735429,N,100.529283,E,83.3,72.0,0.9,104.4,9,1
54900,12:44:00.900,13.735424,N,100.529301,E,82.9,72.0,0.8,104.3,9,1
55000,12:44:01.000,13.735420,N,100.529319,E,82.5,72.0,0.8,104.1,10,1
55100,12:44:01.100,13.735415,N,100.529337,E,82.4,72.0,0.9,104.0,10,1
55200,12:44:01.200,13.735411,N,100.529355,E,82.2,72.0,1.0,103.9,10,1
55300,12:44:01.300,13.735407,N,100.529373,E,81.8,72.0,1.1,103.8,11,1
55400,12:44:01.400,13.735403,N,100.529391,E,81.4,72.0,1.2,103.7,9,1
55500,12:44:01.500,13.735398,N,100.529409,E,81.3,72.0,1.0,103.6,11,1
55600,12:44:01.600,13.735394,N,100.529427,E,81.2,72.0,0.8,103.5,10,1
55700,12:44:01.700,13.735390,N,100.529445,E,81.1,72.0,1.1,103.3,10,1
55800,12:44:01.800,13.735386,N,100.529463,E,81.0,72.0,0.8,103.2,11,1
55900,12:44:01.900,13.735382,N,100.529481,E,80.8,72.0,1.0,103.1,10,1
56000,12:44:02.000,13.735378,N,100.529499,E,80.5,72.0,1.0,103.0,11,1
56100,12:44:02.100,13.735374,N,100.529517,E,80.3,72.0,0.9,102.9,10,1
56200,12:44:02.200,13.735370,N,100.529535,E,80.4,72.0,1.2,102.7,10,1
56300,12:44:02.300,13.735366,N,100.529553,E,80.2,72.0,1.0,102.6,11,1
56400,12:44:02.400,13.735362,N,100.529571,E,80.0,72.0,0.8,102.5,10,1
56500,12:44:02.500,13.735358,N,100.529589,E,79.8,72.0,0.8,102.4,10,1
56600,12:44:02.600,13.735354,N,100.529607,E,79.7,72.0,1.0,102.3,10,1
56700,12:44:02.700,13.735351,N,100.529625,E,79.4,72.0,1.0,102.1,11,1
56800,12:44:02.800,13.735347,N,100.529643,E,79.1,72.0,1.1,102.0,10,1
56900,12:44:02.900,13.735343,N,100.529661,E,79.1,72.0,1.2,101.9,10,1
57000,12:44:03.000,13.735340,N,100.529680,E,78.9,72.0,1.0,101.8,9,1
57100,12:44:03.100,13.735336,N,100.529698,E,79.0,72.0,1.0,101.6,11,1
57200,12:44:03.200,13.735332,N,100.529716,E,78.9,72.0,0.8,101.5,9,1
57300,12:44:03.300,13.735329,N,100.529734,E,79.0,72.0,0.8,101.4,10,1
57400,12:44:03.400,13.735325,N,100.529752,E,78.8,72.0,1.1,101.2,11,1
57500,12:44:03.500,13.735322,N,100.529770,E,78.7,72.0,1.0,101.1,11,1
57600,12:44:03.600,13.735318,N,100.529788,E,78.7,72.0,1.1,101.0,11,1
57700,12:44:03.700,13.735315,N,100.529807,E,78.5,72.0,0.8,100.8,11,1
57800,12:44:03.800,13.735312,N,100.529825,E,78.5,72.0,0.9,100.7,11,1
57900,12:44:03.900,13.735308,N,100.529843,E,78.4,72.0,1.2,100.6,9,1
58000,12:44:04.000,13.735305,N,100.529861,E,78.2,72.0,0.8,100.4,9,1
58100,12:44:04.100,13.735302,N,100.529879,E,77.9,72.0,1.1,100.3,9,1
58200,12:44:04.200,13.735299,N,100.529897,E,77.7,72.0,0.9,100.2,11,1
58300,12:44:04.300,13.735296,N,100.529916,E,77.7,72.0,0.8,100.0,9,1
58400,12:44:04.400,13.735293,N,100.529934,E,77.6,72.0,0.9,99.9,10,1
58500,12:44:04.500,13.735289,N,100.529952,E,77.4,72.0,1.1,99.8,10,1
58600,12:44:04.600,13.735286,N,100.529970,E,77.3,72.0,1.2,99.6,11,1
58700,12:44:04.700,13.735283,N,100.529989,E,77.2,72.0,1.0,99.5,9,1
58800,12:44:04.800,13.735281,N,100.530007,E,77.0,72.0,1.0,99.4,11,1
58900,12:44:04.900,13.735278,N,100.530025,E,76.8,72.0,1.1,99.2,10,1
59000,12:44:05.000,13.735275,N,100.530043,E,77.0,72.0,0.9,99.1,10,1
59100,12:44:05.100,13.735272,N,100.530062,E,76.6,72.0,0.9,98.9,10,1
59200,12:44:05.200,13.735269,N,100.530080,E,76.7,72.0,0.9,98.8,10,1
59300,12:44:05.300,13.735267,N,100.530098,E,76.6,72.0,0.8,98.7,9,1
59400,12:44:05.400,13.735264,N,100.530117,E,76.4,72.0,0.9,98.5,10,1
59500,12:44:05.500,13.735261,N,100.530135,E,76.2,72.0,0.8,98.4,10,1
59600,12:44:05.600,13.735259,N,100.530153,E,76.1,72.0,1.0,98.2,9,1
59700,12:44:05.700,13.735256,N,100.530171,E,76.1,72.0,1.0,98.1,10,1
59800,12:44:05.800,13.735254,N,100.530190,E,76.0,72.0,0.9,97.9,11,1
59900,12:44:05.900,13.735251,N,100.530208,E,76.1,72.0,1.1,97.8,10,1
60000,12:44:06.000,13.735249,N,100.530226,E,76.0,72.0,1.2,97.7,10,1
60100,12:44:06.100,13.735247,N,100.530245,E,76.0,72.0,1.0,97.5,11,1
60200,12:44:06.200,13.735244,N,100.530263,E,75.9,72.0,1.2,97.4,10,1
60300,12:44:06.300,13.735242,N,100.530281,E,75.6,72.0,1.2,97.2,11,1
60400,12:44:06.400,13.735240,N,100.530300,E,75.5,72.0,1.1,97.1,9,1
60500,12:44:06.500,13.735238,N,100.530318,E,75.5,72.0,1.0,96.9,9,1
60600,12:44:06.600,13.735236,N,100.530337,E,75.5,72.0,0.9,96.8,11,1
60700,12:44:06.700,13.735233,N,100.530355,E,75.6,72.0,0.9,96.6,11,1
60800,12:44:06.800,13.735231,N,100.530373,E,75.5,72.0,0.9,96.5,11,1
60900,12:44:06.900,13.735229,N,100.530392,E,75.7,72.0,1.2,96.3,9,1
61000,12:44:07.000,13.735227,N,100.530410,E,75.7,72.0,1.2,96.2,10,1
61100,12:44:07.100,13.735226,N,100.530428,E,75.5,72.0,1.2,96.0,11,1
61200,12:44:07.200,13.735224,N,100.530447,E,75.1,72.0,0.8,95.9,11,1
61300,12:44:07.300,13.735222,N,100.530465,E,75.1,72.0,1.0,95.7,9,1
61400,12:44:07.400,13.735220,N,100.530484,E,74.8,72.0,0.9,95.6,9,1
61500,12:44:07.500,13.735219,N,100.530502,E,74.6,72.0,0.9,95.4,11,1
61600,12:44:07.600,13.735217,N,100.530520,E,74.7,72.0,1.0,95.3,9,1
61700,12:44:07.700,13.735215,N,100.530539,E,74.7,72.0,0.9,95.1,10,1
61800,12:44:07.800,13.735214,N,100.530557,E,74.4,72.0,0.9,95.0,9,1
61900,12:44:07.900,13.735212,N,100.530576,E,74.4,72.0,1.0,94.8,9,1
62000,12:44:08.000,13.735211,N,100.530594,E,74.4,72.0,0.9,94.7,11,1
62100,12:44:08.100,13.735209,N,100.530613,E,74.3,72.0,1.2,94.5,11,1
62200,12:44:08.200,13.735208,N,100.530631,E,74.2,72.0,0.9,94.4,11,1
62300,12:44:08.300,13.735207,N,100.530649,E,74.4,72.0,1.1,94.2,10,1
62400,12:44:08.400,13.735205,N,100.530668,E,74.3,72.0,1.0,94.1,9,1
62500,12:44:08.500,13.735204,N,100.530686,E,74.3,72.0,1.1,93.9,9,1
62600,12:44:08.600,13.735203,N,100.530705,E,74.4,72.0,1.0,93.7,11,1
62700,12:44:08.700,13.735202,N,100.530723,E,74.5,72.0,0.9,93.6,11,1
62800,12:44:08.800,13.735201,N,100.530742,E,74.3,72.0,0.9,93.4,11,1
62900,12:44:08.900,13.735200,N,100.530760,E,74.5,72.0,1.2,93.3,10,1
63000,12:44:09.000,13.735199,N,100.530779,E,74.5,72.0,1.1,93.1,9,1
63100,12:44:09.100,13.735198,N,100.530797,E,74.5,72.0,1.1,93.0,9,1
63200,12:44:09.200,13.735197,N,100.530816,E,74.6,72.0,1.1,92.8,10,1
63300,12:44:09.300,13.735196,N,100.530834,E,74.7,72.0,0.9,92.7,9,1
63400,12:44:09.400,13.735195,N,100.530853,E,74.7,72.0,1.0,92.5,10,1
63500,12:44:09.500,13.735195,N,100.530871,E,74.8,72.0,1.1,92.4,10,1
63600,12:44:09.600,13.735194,N,100.530890,E,74.6,72.0,0.9,92.2,11,1
63700,12:44:09.700,13.735193,N,100.530908,E,74.5,72.0,0.9,92.0,9,1
63800,12:44:09.800,13.735193,N,100.530927,E,74.3,72.0,1.1,91.9,9,1
63900,12:44:09.900,13.735192,N,100.530945,E,74.2,72.0,1.1,91.7,11,1
64000,12:44:10.000,13.735192,N,100.530963,E,73.8,72.0,1.0,91.6,11,1
64100,12:44:10.100,13.735191,N,100.530982,E,73.8,72.0,0.9,91.4,9,1
64200,12:44:10.200,13.735191,N,100.531000,E,73.6,72.0,0.8,91.3,10,1
64300,12:44:10.300,13.735190,N,100.531019,E,73.5,72.0,1.0,91.1,10,1
64400,12:44:10.400,13.735190,N,100.531037,E,73.2,72.0,1.1,90.9,11,1
64500,12:44:10.500,13.735190,N,100.531056,E,73.2,72.0,1.1,90.8,9,1
64600,12:44:10.600,13.735190,N,100.531074,E,73.3,72.0,0.9,90.6,10,1
64700,12:44:10.700,13.735190,N,100.531093,E,73.5,72.0,0.8,90.5,11,1
64800,12:44:10.800,13.735189,N,100.531111,E,73.5,72.0,0.9,90.3,10,1
64900,12:44:10.900,13.735189,N,100.531130,E,73.6,72.0,0.9,90.2,11,1
65000,12:44:11.000,13.735189,N,100.531143,E,73.6,50.0,1.0,90.0,9,1
65100,12:44:11.100,13.735189,N,100.531155,E,73.2,49.5,0.8,90.0,10,1
65200,12:44:11.200,13.735189,N,100.531168,E,73.1,49.0,0.9,90.0,10,1
65300,12:44:11.300,13.735189,N,100.531181,E,72.9,48.5,0.9,90.0,10,1
65400,12:44:11.400,13.735189,N,100.531193,E,72.7,48.0,0.8,90.0,11,1
65500,12:44:11.500,13.735189,N,100.531205,E,72.4,47.5,1.0,90.0,11,1
65600,12:44:11.600,13.735189,N,100.531217,E,72.0,47.0,0.8,90.0,11,1
65700,12:44:11.700,13.735189,N,100.531229,E,71.8,46.5,1.1,90.0,9,1
65800,12:44:11.800,13.735189,N,100.531241,E,71.6,46.0,1.1,90.0,11,1
65900,12:44:11.900,13.735189,N,100.531253,E,71.3,45.5,1.1,90.0,9,1
66000,12:44:12.000,13.735189,N,100.531264,E,71.0,45.0,1.0,90.0,9,1
66100,12:44:12.100,13.735189,N,100.531276,E,70.7,44.5,0.8,90.0,9,1
66200,12:44:12.200,13.735189,N,100.531287,E,70.5,44.0,1.2,90.0,10,1
66300,12:44:12.300,13.735189,N,100.531298,E,70.1,43.5,1.0,90.0,11,1
66400,12:44:12.400,13.735189,N,100.531309,E,69.9,43.0,1.1,90.0,11,1
66500,12:44:12.500,13.735189,N,100.531320,E,69.5,42.5,1.1,90.0,9,1
66600,12:44:12.600,13.735189,N,100.531331,E,69.3,42.0,1.0,90.0,10,1
66700,12:44:12.700,13.735189,N,100.531341,E,69.0,41.5,0.9,90.0,10,1
66800,12:44:12.800,13.735189,N,100.531352,E,68.7,41.0,0.9,90.0,11,1
66900,12:44:12.900,13.735189,N,100.531362,E,68.4,40.5,0.8,90.0,11,1
67000,12:44:13.000,13.735189,N,100.531373,E,68.0,40.0,1.0,90.0,11,1
67100,12:44:13.100,13.735189,N,100.531383,E,67.6,39.5,0.8,90.0,10,1
67200,12:44:13.200,13.735189,N,100.531393,E,67.3,39.0,0.8,90.0,10,1
67300,12:44:13.300,13.735189,N,100.531403,E,66.7,38.5,1.0,90.0,9,1
67400,12:44:13.400,13.735189,N,100.531412,E,66.5,38.0,0.9,90.0,9,1
67500,12:44:13.500,13.735189,N,100.531422,E,66.1,37.5,1.2,90.0,10,1
67600,12:44:13.600,13.735189,N,100.531432,E,65.8,37.0,0.8,90.0,11,1
67700,12:44:13.700,13.735189,N,100.531441,E,65.3,36.5,1.1,90.0,9,1
67800,12:44:13.800,13.735189,N,100.531450,E,64.8,36.0,1.1,90.0,10,1
67900,12:44:13.900,13.735189,N,100.531459,E,64.6,35.5,1.1,90.0,9,1
68000,12:44:14.000,13.735189,N,100.531468,E,64.2,35.0,1.0,90.0,10,1
68100,12:44:14.100,13.735189,N,100.531477,E,63.9,34.5,0.9,90.0,9,1
68200,12:44:14.200,13.735189,N,100.531486,E,63.6,34.0,1.2,90.0,10,1
68300,12:44:14.300,13.735189,N,100.531495,E,63.2,33.5,1.1,90.0,10,1
68400,12:44:14.400,13.735189,N,100.531503,E,62.6,33.0,0.9,90.0,9,1
68500,12:44:14.500,13.735189,N,100.531511,E,62.2,32.5,1.0,90.0,10,1
68600,12:44:14.600,13.735189,N,100.531520,E,62.0,32.0,0.9,90.0,10,1
68700,12:44:14.700,13.735189,N,100.531528,E,61.8,31.5,1.0,90.0,9,1
68800,12:44:14.800,13.735189,N,100.531536,E,61.2,31.0,1.1,90.0,9,1
68900,12:44:14.900,13.735189,N,100.531544,E,60.7,30.5,1.0,90.0,10,1
69000,12:44:15.000,13.735189,N,100.531551,E,60.2,30.0,1.2,90.0,10,1
69100,12:44:15.100,13.735189,N,100.531559,E,59.6,29.5,1.0,90.0,11,1
69200,12:44:15.200,13.735189,N,100.531566,E,59.1,29.0,1.2,90.0,11,1
69300,12:44:15.300,13.735189,N,100.531574,E,58.5,28.5,1.0,90.0,11,1
69400,12:44:15.400,13.735189,N,100.531581,E,58.1,28.0,0.9,90.0,9,1
69500,12:44:15.500,13.735189,N,100.531588,E,57.7,27.5,1.1,90.0,9,1
69600,12:44:15.600,13.735189,N,100.531595,E,57.3,27.0,1.0,90.0,11,1
69700,12:44:15.700,13.735189,N,100.531602,E,56.8,26.5,1.1,90.0,9,1
69800,12:44:15.800,13.735189,N,100.531608,E,56.5,26.0,0.8,90.0,10,1
69900,12:44:15.900,13.735189,N,100.531615,E,56.1,25.5,1.0,90.0,11,1
70000,12:44:16.000,13.735189,N,100.531621,E,55.7,25.0,1.1,90.0,10,1
70100,12:44:16.100,13.735189,N,100.531628,E,55.0,24.5,0.9,90.0,9,1
70200,12:44:16.200,13.735189,N,100.531634,E,54.5,24.0,1.1,90.0,9,1
70300,12:44:16.300,13.735189,N,100.531640,E,54.3,23.5,1.1,90.0,10,1
70400,12:44:16.400,13.735189,N,100.531646,E,53.8,23.0,0.9,90.0,9,1
70500,12:44:16.500,13.735189,N,100.531651,E,53.5,22.5,1.0,90.0,11,1
70600,12:44:16.600,13.735189,N,100.531657,E,53.0,22.0,1.1,90.0,9,1
70700,12:44:16.700,13.735189,N,100.531663,E,52.5,21.5,1.2,90.0,9,1
70800,12:44:16.800,13.735189,N,100.531668,E,52.1,21.0,1.0,90.0,11,1
70900,12:44:16.900,13.735189,N,100.531673,E,51.5,20.5,1.0,90.0,10,1
71000,12:44:17.000,13.735189,N,100.531678,E,50.9,20.0,1.1,90.0,11,1
71100,12:44:17.100,13.735189,N,100.531683,E,50.5,19.5,0.8,90.0,10,1
71200,12:44:17.200,13.735189,N,100.531688,E,50.1,19.0,1.1,90.0,10,1
71300,12:44:17.300,13.735189,N,100.531693,E,49.7,18.5,1.1,90.0,10,1
71400,12:44:17.400,13.735189,N,100.531698,E,49.2,18.0,1.2,90.0,10,1
71500,12:44:17.500,13.735189,N,100.531702,E,48.6,17.5,1.1,90.0,11,1
71600,12:44:17.600,13.735189,N,100.531706,E,48.2,17.0,1.0,90.0,9,1
71700,12:44:17.700,13.735189,N,100.531711,E,47.7,16.5,1.1,90.0,10,1
71800,12:44:17.800,13.735189,N,100.531715,E,47.3,16.0,1.0,90.0,11,1
71900,12:44:17.900,13.735189,N,100.531719,E,47.0,15.5,0.9,90.0,11,1
72000,12:44:18.000,13.735189,N,100.531723,E,46.4,15.0,0.9,90.0,11,1
72100,12:44:18.100,13.735189,N,100.531726,E,46.1,14.5,0.8,90.0,10,1
72200,12:44:18.200,13.735189,N,100.531730,E,45.7,14.0,1.0,90.0,11,1
72300,12:44:18.300,13.735189,N,100.531733,E,45.2,13.5,0.9,90.0,11,1
72400,12:44:18.400,13.735189,N,100.531737,E,44.5,13.0,1.1,90.0,9,1
72500,12:44:18.500,13.735189,N,100.531740,E,44.0,12.5,1.0,90.0,10,1
72600,12:44:18.600,13.735189,N,100.531743,E,43.3,12.0,1.1,90.0,10,1
72700,12:44:18.700,13.735189,N,100.531746,E,42.8,11.5,1.1,90.0,9,1
72800,12:44:18.800,13.735189,N,100.531749,E,42.2,11.0,1.2,90.0,10,1
72900,12:44:18.900,13.735189,N,100.531752,E,41.4,10.5,1.2,90.0,9,1
73000,12:44:19.000,13.735189,N,100.531754,E,41.0,10.0,0.8,90.0,9,1
73100,12:44:19.100,13.735189,N,100.531757,E,40.3,9.5,0.8,90.0,10,1
73200,12:44:19.200,13.735189,N,100.531759,E,39.9,9.0,1.1,90.0,10,1
73300,12:44:19.300,13.735189,N,100.531761,E,39.3,8.5,1.0,90.0,9,1
73400,12:44:19.400,13.735189,N,100.531763,E,38.7,8.0,1.1,90.0,11,1
73500,12:44:19.500,13.735189,N,100.531765,E,38.0,7.5,1.0,90.0,10,1
73600,12:44:19.600,13.735189,N,100.531767,E,37.4,7.0,1.0,90.0,10,1
73700,12:44:19.700,13.735189,N,100.531769,E,36.6,6.5,0.9,90.0,11,1
73800,12:44:19.800,13.735189,N,100.531770,E,35.8,6.0,0.9,90.0,10,1
73900,12:44:19.900,13.735189,N,100.531771,E,35.0,5.5,0.8,90.0,9,1
74000,12:44:20.000,13.735189,N,100.531773,E,34.3,5.0,1.2,90.0,10,1
74100,12:44:20.100,13.735189,N,100.531774,E,33.8,4.5,0.9,90.0,9,1
74200,12:44:20.200,13.735189,N,100.531775,E,33.2,4.0,0.9,90.0,11,1
74300,12:44:20.300,13.735189,N,100.531776,E,32.3,3.5,1.0,90.0,11,1
74400,12:44:20.400,13.735189,N,100.531777,E,31.9,3.0,1.2,90.0,9,1
74500,12:44:20.500,13.735189,N,100.531777,E,31.0,2.5,1.0,90.0,11,1
74600,12:44:20.600,13.735189,N,100.531778,E,30.4,2.0,0.8,90.0,10,1
74700,12:44:20.700,13.735189,N,100.531778,E,29.8,1.5,1.1,90.0,11,1
74800,12:44:20.800,13.735189,N,100.531778,E,29.4,1.0,0.8,90.0,11,1
74900,12:44:20.900,13.735189,N,100.531779,E,28.8,0.5,1.1,90.0,9,1
